,Group ,Name,Year,CP,W',Pmax,4min MMP,Tmax,Cmax,TC Slope,CdA,m
0,MTE,M1,2023,420.0,29.1,1607,541.25,261,244,-0.9348659003831418,0.1978,83
1,MTE,M2,2023,387.88424441748543,28.58789373987274,1632,507.0004683336218,259,214,-0.8262548262548263,0.195,83
2,MTE,M3,2023,420.0,25.51519518977502,1489,526.3133132907293,225,227,-1.008888888888889,0.1793,83
3,MTE,M4,2023,350.0,26.089430866412865,1462,458.7059619433869,248,228,-0.9193548387096774,0.17,83
